{
    "batch_size": 128,
    "best_valid_measure": 0.5168984334250839,
    "epoch": 6,
    "last_improvement": 4,
    "last_improvement_epoch": 2,
    "learning_rate": 0.001,
    "num_increases_bs": 0,
    "num_reductions_lr": 0,
    "steps": 486,
    "test_stats": {
        "combined": {
            "accuracy": [
                0.7512811752647762,
                0.7868124359412367,
                0.7912538435257943,
                0.7734882131875641,
                0.7833959685685001,
                0.7898872565766997
            ],
            "loss": [
                0.6155814459839493,
                0.5368416508921268,
                0.5390965357794467,
                0.6095792407422576,
                0.7382372161166677,
                0.720875239266362
            ]
        },
        "news_sentiment": {
            "accuracy": [
                0.7512811752647762,
                0.7868124359412367,
                0.7912538435257943,
                0.7734882131875641,
                0.7833959685685001,
                0.7898872565766997
            ],
            "hits_at_k": [
                1.0,
                1.0,
                0.9993167065254527,
                0.9972668261018107,
                0.9952169456781688,
                0.9962418858899897
            ],
            "loss": [
                0.6155814459839493,
                0.5368416508921268,
                0.5390965357794467,
                0.6095792407422576,
                0.7382372161166677,
                0.720875239266362
            ]
        }
    },
    "train_stats": {
        "combined": {
            "accuracy": [
                0.7683599419448476,
                0.8496371552975327,
                0.892114175133043,
                0.9098209966134494,
                0.9245283018867925,
                0.9616835994194485
            ],
            "loss": [
                0.5812594590466208,
                0.41023652510880615,
                0.3010874945239624,
                0.25385192812036994,
                0.22793017776334235,
                0.11264350653040738
            ]
        },
        "news_sentiment": {
            "accuracy": [
                0.7683599419448476,
                0.8496371552975327,
                0.892114175133043,
                0.9098209966134494,
                0.9245283018867925,
                0.9616835994194485
            ],
            "hits_at_k": [
                1.0,
                0.9999032414126754,
                0.9998064828253508,
                0.9998064828253508,
                0.9999032414126754,
                0.9999032414126754
            ],
            "loss": [
                0.5812594590466208,
                0.41023652510880615,
                0.3010874945239624,
                0.25385192812036994,
                0.22793017776334235,
                0.11264350653040738
            ]
        }
    },
    "vali_stats": {
        "combined": {
            "accuracy": [
                0.7590711175616836,
                0.7902757619738752,
                0.7960812772133526,
                0.785921625544267,
                0.7895500725689405,
                0.7895500725689405
            ],
            "loss": [
                0.6083138968325146,
                0.5168984334250839,
                0.5191072566415817,
                0.5991444996029615,
                0.7016109250626474,
                0.6684902285283812
            ]
        },
        "news_sentiment": {
            "accuracy": [
                0.7590711175616836,
                0.7902757619738752,
                0.7960812772133526,
                0.785921625544267,
                0.7895500725689405,
                0.7895500725689405
            ],
            "hits_at_k": [
                1.0,
                1.0,
                1.0,
                0.9992743105950653,
                0.9970972423802612,
                0.997822931785196
            ],
            "loss": [
                0.6083138968325146,
                0.5168984334250839,
                0.5191072566415817,
                0.5991444996029615,
                0.7016109250626474,
                0.6684902285283812
            ]
        }
    }
}